file,timepoint,code,well,position,repeat,well_name,status,pixel_um,other_res,field,same_as,n_beads
AD_2026.09.23-BW1.1.oir,before,P0.5,1,1,0,W1,"retake (same field), not used",0.2072,True,0,AD_2026.09.23-BW1.1_0002.oir,11
AD_2026.09.23-BW1.1_0001.oir,before,P0.5,1,1,1,W1,"retake (same field), not used",0.1036,False,0,AD_2026.09.23-BW1.1_0002.oir,12
AD_2026.09.23-BW1.1_0002.oir,before,P0.5,1,1,2,W1,used,0.1036,False,0,,8
AD_2026.09.23-BW1.2.oir,before,P0.5,1,2,0,W1,used,0.1036,False,0,,13
AD_2026.09.23-BW1.3.oir,before,P0.5,1,3,0,W1,used,0.1036,False,0,,16
AD_2026.09.23-BW10.1.oir,before,AV1,10,1,0,W10,"retake (same field), not used",0.1036,False,0,AD_2026.09.23-BW10.1_0001.oir,22
AD_2026.09.23-BW10.1_0001.oir,before,AV1,10,1,1,W10,used,0.1036,False,0,,28
AD_2026.09.23-BW10.2.oir,before,AV1,10,2,0,W10,used,0.1036,False,0,,28
AD_2026.09.23-BW10.3.oir,before,AV1,10,3,0,W10,used,0.1036,False,0,,19
AD_2026.09.23-BW11.1.oir,before,AV1,11,1,0,W11,used,0.1036,False,0,,39
AD_2026.09.23-BW11.2.oir,before,AV1,11,2,0,W11,"retake (same field), not used",0.1036,False,0,AD_2026.09.23-BW11.2_0001.oir,28
AD_2026.09.23-BW11.2_0001.oir,before,AV1,11,2,1,W11,used,0.1036,False,0,,28
AD_2026.09.23-BW11.3.oir,before,AV1,11,3,0,W11,used,0.1036,False,0,,18
AD_2026.09.23-BW12.1.oir,before,AV1,12,1,0,W12,used,0.1036,False,0,,14
AD_2026.09.23-BW12.2.oir,before,AV1,12,2,0,W12,used,0.1036,False,0,,17
AD_2026.09.23-BW12.3.oir,before,AV1,12,3,0,W12,used,0.1036,False,0,,11
AD_2026.09.23-BW2.1.oir,before,P0.5,2,1,0,W2,used,0.1036,False,0,,11
AD_2026.09.23-BW2.2.oir,before,P0.5,2,2,0,W2,used,0.1036,False,0,,13
AD_2026.09.23-BW2.3.oir,before,P0.5,2,3,0,W2,used,0.1036,False,0,,8
AD_2026.09.23-BW3.1.oir,before,P0.5,3,1,0,W3,used,0.1036,False,0,,21
AD_2026.09.23-BW3.2.oir,before,P0.5,3,2,0,W3,used,0.2072,True,0,,17
AD_2026.09.23-BW3.3.oir,before,P0.5,3,3,0,W3,used,0.1036,False,0,,16
AD_2026.09.23-BW4.1.oir,before,P1,4,1,0,W4,used,0.1036,False,0,,16
AD_2026.09.23-BW4.2.oir,before,P1,4,2,0,W4,used,0.2072,True,0,,27
AD_2026.09.23-BW4.3.oir,before,P1,4,3,0,W4,used,0.1036,False,0,,26
AD_2026.09.23-BW5.1.oir,before,P1,5,1,0,W5,"retake (same field), not used",0.2072,True,0,AD_2026.09.23-BW5.1_0001.oir,13
AD_2026.09.23-BW5.1_0001.oir,before,P1,5,1,1,W5,used,0.1036,False,0,,14
AD_2026.09.23-BW5.2.oir,before,P1,5,2,0,W5,"retake (same field), not used",0.2072,True,0,AD_2026.09.23-BW5.2_0001.oir,29
AD_2026.09.23-BW5.2_0001.oir,before,P1,5,2,1,W5,used,0.1036,False,0,,30
AD_2026.09.23-BW5.3.oir,before,P1,5,3,0,W5,"retake (same field), not used",0.1036,False,0,AD_2026.09.23-BW5.3_0001.oir,19
AD_2026.09.23-BW5.3_0001.oir,before,P1,5,3,1,W5,used,0.1036,False,0,,18
AD_2026.09.23-BW6.1.oir,before,P1,6,1,0,W6,used,0.1036,False,0,,26
AD_2026.09.23-BW6.2.oir,before,P1,6,2,0,W6,used,0.1036,False,0,,29
AD_2026.09.23-BW6.3.oir,before,P1,6,3,0,W6,used,0.1036,False,0,,28
AD_2026.09.23-BW7.1.oir,before,P2,7,1,0,W7,"extra image, not used (max 3 per well)",0.1036,False,0,,18
AD_2026.09.23-BW7.2.oir,before,P2,7,2,0,W7,used,0.1036,False,0,,33
AD_2026.09.23-BW7.3.oir,before,P2,7,3,0,W7,used,0.1036,False,0,,27
AD_2026.09.23-BW7.3_0001.oir,before,P2,7,3,1,W7,used,0.1036,False,1,,25
AD_2026.09.23-BW8.1.oir,before,P2,8,1,0,W8,used,0.1036,False,0,,13
AD_2026.09.23-BW8.2.oir,before,P2,8,2,0,W8,used,0.1036,False,0,,20
AD_2026.09.23-BW8.3.oir,before,P2,8,3,0,W8,used,0.1036,False,0,,24
AD_2026.09.23-BW9.1.oir,before,P2,9,1,0,W9,used,0.1036,False,0,,12
AD_2026.09.23-BW9.2.oir,before,P2,9,2,0,W9,used,0.1036,False,0,,11
AD_2026.09.23-BW9.3.oir,before,P2,9,3,0,W9,used,0.1036,False,0,,8
AD_2026.09.24_A.AV1.10.1.oir,after,AV1,10,1,0,W10,used,0.1036,False,0,,7
AD_2026.09.24_A.AV1.10.2.oir,after,AV1,10,2,0,W10,used,0.1036,False,0,,16
AD_2026.09.24_A.AV1.10.3.oir,after,AV1,10,3,0,W10,used,0.1036,False,0,,7
AD_2026.09.24_A.AV1.11.2.oir,after,AV1,11,2,0,W11,used,0.1036,False,0,,16
AD_2026.09.24_A.AV1.11.2_0001.oir,after,AV1,11,2,1,W11,used,0.1036,False,1,,18
AD_2026.09.24_A.AV1.11.3.oir,after,AV1,11,3,0,W11,used,0.1036,False,0,,15
AD_2026.09.24_A.AV1.12.1.oir,after,AV1,12,1,0,W12,used,0.1036,False,0,,8
AD_2026.09.24_A.AV1.12.2.oir,after,AV1,12,2,0,W12,used,0.1036,False,0,,10
AD_2026.09.24_A.AV1.12.3.oir,after,AV1,12,3,0,W12,used,0.1036,False,0,,4
AD_2026.09.24_AP0.5W1.1.oir,after,P0.5,1,1,0,W1,"retake (same field), not used",0.2072,True,0,AD_2026.09.24_AP0.5W1.1_0001.oir,30
AD_2026.09.24_AP0.5W1.1_0001.oir,after,P0.5,1,1,1,W1,used,0.1036,False,0,,31
AD_2026.09.24_AP0.5W1.2.oir,after,P0.5,1,2,0,W1,used,0.1036,False,0,,28
AD_2026.09.24_AP0.5W1.3.oir,after,P0.5,1,3,0,W1,used,0.1036,False,0,,31
AD_2026.09.24_AP0.5W2.1.oir,after,P0.5,2,1,0,W2,used,0.1036,False,0,,6
AD_2026.09.24_AP0.5W2.2.oir,after,P0.5,2,2,0,W2,used,0.1036,False,0,,18
AD_2026.09.24_AP0.5W2.3.oir,after,P0.5,2,3,0,W2,used,0.1036,False,0,,13
AD_2026.09.24_AP0.5W3.1.oir,after,P0.5,3,1,0,W3,used,0.1036,False,0,,33
AD_2026.09.24_AP0.5W3.2.oir,after,P0.5,3,2,0,W3,used,0.1036,False,0,,17
AD_2026.09.24_AP0.5W3.3.oir,after,P0.5,3,3,0,W3,used,0.1036,False,0,,28
AD_2026.09.24_AP0.5W4.1.oir,after,P1,4,1,0,W4,excluded: W4 first pass: looks untreated,0.1036,False,0,,25
AD_2026.09.24_AP0.5W4.1_0001.oir,after,P1,4,1,1,W4,used,0.1036,False,0,,23
AD_2026.09.24_AP0.5W4.2.oir,after,P1,4,2,0,W4,excluded: W4 first pass: looks untreated,0.1036,False,0,,12
AD_2026.09.24_AP0.5W4.2_0001.oir,after,P1,4,2,1,W4,excluded: W4 first pass: looks untreated,0.1036,False,0,,13
AD_2026.09.24_AP0.5W4.2_0002.oir,after,P1,4,2,2,W4,used,0.1036,False,0,,25
AD_2026.09.24_AP0.5W4.3.oir,after,P1,4,3,0,W4,excluded: W4 first pass: looks untreated,0.1036,False,0,,17
AD_2026.09.24_AP0.5W4.3_0001.oir,after,P1,4,3,1,W4,used,0.1036,False,0,,22
AD_2026.09.24_AP1W5.1.oir,after,P1,5,1,0,W5,used,0.1036,False,0,,33
AD_2026.09.24_AP1W5.1_0001.oir,after,P1,5,1,1,W5,used,0.1036,False,1,,26
AD_2026.09.24_AP1W5.2.oir,after,P1,5,2,0,W5,used,0.1036,False,0,,25
AD_2026.09.24_AP1W5.3.oir,after,P1,5,3,0,W5,"extra image, not used (max 3 per well)",0.1036,False,0,,22
AD_2026.09.24_AP1W6.2.oir,after,P1,6,2,0,W6,used,0.1036,False,0,,26
AD_2026.09.24_AP1W6.3.oir,after,P1,6,3,0,W6,used,0.1036,False,0,,22
AD_2026.09.24_AP1W7.1.oir,after,P2,7,1,0,W7,used,0.1036,False,0,,31
AD_2026.09.24_AP1W7.2.oir,after,P2,7,2,0,W7,used,0.1036,False,0,,27
AD_2026.09.24_AP1W7.3.oir,after,P2,7,3,0,W7,used,0.1036,False,0,,30
AD_2026.09.24_AP2W8.1.oir,after,P2,8,1,0,W8,used,0.1036,False,0,,48
AD_2026.09.24_AP2W8.1_0001.oir,after,P2,8,1,1,W8,used,0.1036,False,1,,33
AD_2026.09.24_AP2W8.2.oir,after,P2,8,2,0,W8,used,0.1036,False,0,,39
AD_2026.09.24_AP2W8.3.oir,after,P2,8,3,0,W8,"extra image, not used (max 3 per well)",0.1036,False,0,,29
AD_2026.09.24_AP2W9.1.oir,after,P2,9,1,0,W9,used,0.1036,False,0,,53
AD_2026.09.24_AP2W9.2.oir,after,P2,9,2,0,W9,"extra image, not used (max 3 per well)",0.1036,False,0,,32
AD_2026.09.24_AP2W9.3.oir,after,P2,9,3,0,W9,used,0.1036,False,0,,85
AD_2026.09.24_AP2W9.3_0001.oir,after,P2,9,3,1,W9,used,0.1036,False,1,,34
