treatment,dose,well,well_name,timepoint,image,position,file,n_beads,F,SNR,bg,pct_saturated
Buffer only,0.0,10,W10,after,W10.1,1,AD_2026.09.24_A.AV1.10.1.oir,7,344.32542857142863,61.29098728303762,33.78185714285714,0.0
Buffer only,0.0,10,W10,after,W10.2,2,AD_2026.09.24_A.AV1.10.2.oir,16,275.22168750000003,48.139423623617276,33.842625,0.0
Buffer only,0.0,10,W10,after,W10.3,3,AD_2026.09.24_A.AV1.10.3.oir,7,290.897,55.50524726025306,32.06471428571429,0.0
Buffer only,0.0,10,W10,before,W10.1,1,AD_2026.09.23-BW10.1_0001.oir,28,13.646857142857144,2.8515086612340483,28.902642857142858,0.0
Buffer only,0.0,10,W10,before,W10.2,2,AD_2026.09.23-BW10.2.oir,28,14.174964285714285,2.970210971001502,28.930142857142858,0.0
Buffer only,0.0,10,W10,before,W10.3,3,AD_2026.09.23-BW10.3.oir,19,16.49721052631579,3.4395038167397267,28.909368421052633,0.0
Buffer only,0.0,11,W11,after,W11.2,2,AD_2026.09.24_A.AV1.11.2.oir,16,36.4616875,6.676336817096985,31.4143125,0.0
Buffer only,0.0,11,W11,after,W11.2b,2,AD_2026.09.24_A.AV1.11.2_0001.oir,18,78.62211111111111,16.017652601603956,30.80355555555555,0.0
Buffer only,0.0,11,W11,after,W11.3,3,AD_2026.09.24_A.AV1.11.3.oir,15,198.9332,39.081126269101595,31.33086666666667,0.0
Buffer only,0.0,11,W11,before,W11.1,1,AD_2026.09.23-BW11.1.oir,39,17.646461538461537,3.5971205720476496,29.362846153846156,0.0
Buffer only,0.0,11,W11,before,W11.2,2,AD_2026.09.23-BW11.2_0001.oir,28,29.818535714285712,6.247996943800182,29.36267857142857,0.0
Buffer only,0.0,11,W11,before,W11.3,3,AD_2026.09.23-BW11.3.oir,18,34.45938888888889,6.969260241417808,29.299111111111113,0.0
Buffer only,0.0,12,W12,after,W12.1,1,AD_2026.09.24_A.AV1.12.1.oir,8,90.114,18.30371383113654,30.815125000000002,0.0
Buffer only,0.0,12,W12,after,W12.2,2,AD_2026.09.24_A.AV1.12.2.oir,10,67.8022,13.861439343406925,30.8906,0.0
Buffer only,0.0,12,W12,after,W12.3,3,AD_2026.09.24_A.AV1.12.3.oir,4,78.20150000000001,16.13672432985503,30.5895,0.0
Buffer only,0.0,12,W12,before,W12.1,1,AD_2026.09.23-BW12.1.oir,14,11.688428571428572,2.4448346039464326,29.157714285714285,0.0
Buffer only,0.0,12,W12,before,W12.2,2,AD_2026.09.23-BW12.2.oir,17,16.79264705882353,3.5012517290295797,29.272764705882352,0.0
Buffer only,0.0,12,W12,before,W12.3,3,AD_2026.09.23-BW12.3.oir,11,11.71881818181818,2.447878755380567,29.261454545454544,0.0
Probe 0.25,0.25,1,W1,after,W1.1,1,AD_2026.09.24_AP0.5W1.1_0001.oir,31,1514.5922258064518,80.01216814944321,43.04361290322581,48.38709677419355
Probe 0.25,0.25,1,W1,after,W1.2,2,AD_2026.09.24_AP0.5W1.2.oir,28,1618.7586428571428,116.73279774393423,39.825535714285714,50.0
Probe 0.25,0.25,1,W1,after,W1.3,3,AD_2026.09.24_AP0.5W1.3.oir,31,1191.1437096774193,96.93140989139246,47.775935483870974,45.16129032258064
Probe 0.25,0.25,1,W1,before,W1.1,1,AD_2026.09.23-BW1.1_0002.oir,8,17.1995,3.661060567434609,26.255375,0.0
Probe 0.25,0.25,1,W1,before,W1.2,2,AD_2026.09.23-BW1.2.oir,13,25.68823076923077,5.514645217554084,26.41346153846154,0.0
Probe 0.25,0.25,1,W1,before,W1.3,3,AD_2026.09.23-BW1.3.oir,16,17.5553125,3.7977524675688006,26.54975,0.0
Probe 0.25,0.25,2,W2,after,W2.1,1,AD_2026.09.24_AP0.5W2.1.oir,6,2643.6633333333334,254.12243870493134,45.916333333333334,66.66666666666666
Probe 0.25,0.25,2,W2,after,W2.2,2,AD_2026.09.24_AP0.5W2.2.oir,18,1726.86,103.10216034840869,78.42233333333333,55.55555555555556
Probe 0.25,0.25,2,W2,after,W2.3,3,AD_2026.09.24_AP0.5W2.3.oir,13,1722.511769230769,217.9910226197964,40.556538461538466,53.84615384615385
Probe 0.25,0.25,2,W2,before,W2.1,1,AD_2026.09.23-BW2.1.oir,11,14.67590909090909,3.1416348703850017,26.859909090909092,0.0
Probe 0.25,0.25,2,W2,before,W2.2,2,AD_2026.09.23-BW2.2.oir,13,7.992615384615385,1.7125585785829722,27.106615384615388,0.0
Probe 0.25,0.25,2,W2,before,W2.3,3,AD_2026.09.23-BW2.3.oir,8,17.175375000000003,3.631955433612064,27.058625,0.0
Probe 0.25,0.25,3,W3,after,W3.1,1,AD_2026.09.24_AP0.5W3.1.oir,33,1676.8491515151513,95.1320616399526,54.10290909090909,54.54545454545454
Probe 0.25,0.25,3,W3,after,W3.2,2,AD_2026.09.24_AP0.5W3.2.oir,17,1865.2484117647057,148.39168732363783,51.725058823529416,47.05882352941176
Probe 0.25,0.25,3,W3,after,W3.3,3,AD_2026.09.24_AP0.5W3.3.oir,28,1972.00175,126.05362978886463,45.97146428571428,60.71428571428571
Probe 0.25,0.25,3,W3,before,W3.1,1,AD_2026.09.23-BW3.1.oir,21,10.513476190476192,2.242980511499503,27.275904761904762,0.0
Probe 0.25,0.25,3,W3,before,W3.2,2,AD_2026.09.23-BW3.2.oir,17,18.540764705882353,3.9921505184279606,27.508529411764705,0.0
Probe 0.25,0.25,3,W3,before,W3.3,3,AD_2026.09.23-BW3.3.oir,16,22.6885625,4.834143878822597,27.3710625,0.0
Probe 0.5,0.5,4,W4,after,W4.1,1,AD_2026.09.24_AP0.5W4.1_0001.oir,23,1342.6451304347827,83.39098908153913,57.41252173913044,43.47826086956522
Probe 0.5,0.5,4,W4,after,W4.2,2,AD_2026.09.24_AP0.5W4.2_0002.oir,25,1777.73228,129.42143211176824,55.992079999999994,52.0
Probe 0.5,0.5,4,W4,after,W4.3,3,AD_2026.09.24_AP0.5W4.3_0001.oir,22,1174.3262727272727,79.58404567773934,48.77890909090909,36.36363636363637
Probe 0.5,0.5,4,W4,before,W4.1,1,AD_2026.09.23-BW4.1.oir,16,13.3826875,2.827114214817816,27.4628125,0.0
Probe 0.5,0.5,4,W4,before,W4.2,2,AD_2026.09.23-BW4.2.oir,27,11.95485185185185,2.538220381929107,27.44962962962963,0.0
Probe 0.5,0.5,4,W4,before,W4.3,3,AD_2026.09.23-BW4.3.oir,26,10.037500000000001,2.1282456820047493,27.57946153846154,0.0
Probe 0.5,0.5,5,W5,after,W5.1,1,AD_2026.09.24_AP1W5.1.oir,33,1186.9396363636365,70.16380961433988,81.78439393939395,33.33333333333333
Probe 0.5,0.5,5,W5,after,W5.1b,1,AD_2026.09.24_AP1W5.1_0001.oir,26,979.7214615384617,40.28835794052647,63.6873076923077,23.076923076923077
Probe 0.5,0.5,5,W5,after,W5.2,2,AD_2026.09.24_AP1W5.2.oir,25,1659.09172,82.27876525308109,61.59556,44.0
Probe 0.5,0.5,5,W5,before,W5.1,1,AD_2026.09.23-BW5.1_0001.oir,14,17.778785714285714,3.801305485348283,27.672571428571427,0.0
Probe 0.5,0.5,5,W5,before,W5.2,2,AD_2026.09.23-BW5.2_0001.oir,30,10.227433333333332,2.154926029093461,27.707766666666664,0.0
Probe 0.5,0.5,5,W5,before,W5.3,3,AD_2026.09.23-BW5.3_0001.oir,18,19.365055555555553,4.100718097680602,28.00911111111111,0.0
Probe 0.5,0.5,6,W6,after,W6.2,2,AD_2026.09.24_AP1W6.2.oir,26,1485.3660000000002,100.32593044015806,57.49469230769231,38.46153846153847
Probe 0.5,0.5,6,W6,after,W6.3,3,AD_2026.09.24_AP1W6.3.oir,22,1401.6798636363635,76.65142140400594,66.52272727272727,40.909090909090914
Probe 0.5,0.5,6,W6,before,W6.1,1,AD_2026.09.23-BW6.1.oir,26,18.876730769230768,3.968644408792613,27.993692307692307,0.0
Probe 0.5,0.5,6,W6,before,W6.2,2,AD_2026.09.23-BW6.2.oir,29,13.009827586206896,2.7651116970830607,28.10055172413793,0.0
Probe 0.5,0.5,6,W6,before,W6.3,3,AD_2026.09.23-BW6.3.oir,28,14.655714285714286,3.1117385798935677,28.245,0.0
Probe 1,1.0,7,W7,after,W7.1,1,AD_2026.09.24_AP1W7.1.oir,31,1833.3691290322581,144.57789767480543,53.517225806451606,48.38709677419355
Probe 1,1.0,7,W7,after,W7.2,2,AD_2026.09.24_AP1W7.2.oir,27,2073.9997037037037,97.03920943736095,83.21925925925926,62.96296296296296
Probe 1,1.0,7,W7,after,W7.3,3,AD_2026.09.24_AP1W7.3.oir,30,2240.8106333333335,69.29986185466511,72.2761,60.0
Probe 1,1.0,7,W7,before,W7.2,2,AD_2026.09.23-BW7.2.oir,33,12.767000000000001,2.7102329551375144,28.46548484848485,0.0
Probe 1,1.0,7,W7,before,W7.3,3,AD_2026.09.23-BW7.3.oir,27,8.120814814814814,1.7111100286125818,28.451851851851853,0.0
Probe 1,1.0,7,W7,before,W7.3b,3,AD_2026.09.23-BW7.3_0001.oir,25,23.843159999999997,4.983400907464067,28.497519999999998,0.0
Probe 1,1.0,8,W8,after,W8.1,1,AD_2026.09.24_AP2W8.1.oir,48,502.21556250000003,15.252678880308329,91.1984375,12.5
Probe 1,1.0,8,W8,after,W8.1b,1,AD_2026.09.24_AP2W8.1_0001.oir,33,1137.962090909091,43.29646695579549,92.56954545454546,27.27272727272727
Probe 1,1.0,8,W8,after,W8.2,2,AD_2026.09.24_AP2W8.2.oir,39,2107.525076923077,102.74809215403484,74.63210256410257,56.41025641025641
Probe 1,1.0,8,W8,before,W8.1,1,AD_2026.09.23-BW8.1.oir,13,15.536538461538461,3.2934198971722464,28.604615384615386,0.0
Probe 1,1.0,8,W8,before,W8.2,2,AD_2026.09.23-BW8.2.oir,20,9.129850000000001,1.9161544802115826,28.48695,0.0
Probe 1,1.0,8,W8,before,W8.3,3,AD_2026.09.23-BW8.3.oir,24,8.005416666666667,1.6744163513702353,28.636291666666665,0.0
Probe 1,1.0,9,W9,after,W9.1,1,AD_2026.09.24_AP2W9.1.oir,53,1405.2424716981131,60.06889874247443,69.8198679245283,43.39622641509434
Probe 1,1.0,9,W9,after,W9.3,3,AD_2026.09.24_AP2W9.3.oir,85,1136.6799764705881,44.270621455247664,65.56558823529411,29.411764705882355
Probe 1,1.0,9,W9,after,W9.3b,3,AD_2026.09.24_AP2W9.3_0001.oir,34,2262.129029411765,80.50368181488295,68.08,67.64705882352942
Probe 1,1.0,9,W9,before,W9.1,1,AD_2026.09.23-BW9.1.oir,12,16.002,3.3646915137796642,28.632666666666665,0.0
Probe 1,1.0,9,W9,before,W9.2,2,AD_2026.09.23-BW9.2.oir,11,20.32809090909091,4.2641562361042755,28.749181818181818,0.0
Probe 1,1.0,9,W9,before,W9.3,3,AD_2026.09.23-BW9.3.oir,8,29.07075,6.129651884287942,28.976875,0.0
