treatment,dose,well,well_name,F_after,F_before,SNR_after,SNR_before,bg_after,bg_before,pct_saturated_after,pct_saturated_before,n_beads_after,n_beads_before,n_images_after,n_images_before,dF,fold,SNR_change
Buffer only,0.0,10,W10,303.48137202380957,14.773010651629074,54.97855272230265,3.0870744829917593,33.22973214285714,28.914051378446118,0.0,0.0,10.0,25.0,3,3,288.7083613721805,20.542960347107282,18.391818643883244
Buffer only,0.0,11,W11,104.67233287037037,27.308128713878713,20.591705229267514,5.604792585755213,31.182911574074073,29.34154527879528,0.0,0.0,16.333333333333332,28.333333333333332,3,3,77.36420415649165,3.8330100889400422,3.3148335429539832
Buffer only,0.0,12,W12,78.7059,13.39996460402343,16.100625834799498,2.7979883627855267,30.765075,29.230644512350395,0.0,0.0,7.333333333333333,14.0,3,3,65.30593539597658,5.873590141899929,5.916441171983975
Probe 0.25,0.25,1,W1,1441.498192780338,20.14768108974359,97.89212526158997,4.324486084185831,43.548361367127505,26.406195512820513,47.8494623655914,0.0,30.0,12.333333333333334,3,3,1421.3505116905944,71.54660560485789,106.4288658324383
Probe 0.25,0.25,2,W2,2031.0117008547006,13.281299825174827,191.73854055771213,2.8287162941933457,54.96506837606838,27.008383158508156,58.68945868945869,0.0,12.333333333333334,10.666666666666666,3,3,2017.7304010295259,152.92266025083623,148.08586441377713
Probe 0.25,0.25,3,W3,1838.0331044266188,17.247601132119513,123.19245958415168,3.6897583029166867,50.59981073338426,27.38516555788982,54.10618792971733,0.0,26.0,18.0,3,3,1820.7855032944992,106.56746351837438,107.55548201668863
Probe 0.5,0.5,4,W4,1431.5678943873518,11.791679783950618,97.46548895701558,2.497860092917224,54.06117027667984,27.497301222697057,43.94729907773387,0.0,23.333333333333332,23.0,3,3,1419.776214603401,121.40491606088435,91.50372672003591
Probe 0.5,0.5,5,W5,1275.2509393006994,15.790424867724866,64.24364426931582,3.352316537374115,69.02242054390055,27.796483068783065,33.47008547008547,0.0,28.0,20.666666666666668,3,3,1259.4605144329746,80.76102764703136,93.87040550359343
Probe 0.5,0.5,6,W6,1443.5229318181819,15.514090880383984,88.488675922082,3.2818315619230805,62.00870979020979,28.11308134394341,39.685314685314694,0.0,24.0,27.666666666666668,2,3,1428.008840937798,93.04592469826075,88.87375066707872
Probe 1,1.0,7,W7,2049.393155356432,14.910324938271605,103.6389896556105,3.134914630404721,69.6708616885703,28.471618900112233,57.11668657905218,0.0,29.333333333333332,28.333333333333332,3,3,2034.4828304181606,137.44792040689063,103.78664860533083
Probe 1,1.0,8,W8,1249.2342434440561,10.89060170940171,53.76574599671289,2.2946635762513545,86.13336183954935,28.575952350427354,32.06099456099456,0.0,40.0,19.0,3,3,1238.3436417346545,114.70755030602295,108.62661691174846
Probe 1,1.0,9,W9,1601.3504925268219,21.800280303030302,61.61440067086835,4.5861665447239615,67.8218187199408,28.78624116161616,46.818349981502045,0.0,57.333333333333336,10.333333333333334,3,3,1579.5502122237915,73.45550012511671,106.35126892339812
