file,status,channels,z_slices,frames,pixel_um,bead_radius_px,objects_found,beads_kept,threshold
AD_2026.09.23-BW1.1.oir,ok,2,1,1,0.2072,13.0,28,11,208.66
AD_2026.09.23-BW1.1_0001.oir,ok,2,1,1,0.1036,26.1,31,12,229.46
AD_2026.09.23-BW1.1_0002.oir,ok,2,1,1,0.1036,26.1,37,8,181.64
AD_2026.09.23-BW1.2.oir,ok,2,1,1,0.1036,26.1,102,13,243.24
AD_2026.09.23-BW1.3.oir,ok,2,1,1,0.1036,26.1,113,16,246.72
AD_2026.09.23-BW10.1.oir,ok,2,1,1,0.1036,26.1,164,22,229.88
AD_2026.09.23-BW10.1_0001.oir,ok,2,1,1,0.1036,26.1,175,28,269.56
AD_2026.09.23-BW10.2.oir,ok,2,1,1,0.1036,26.1,130,28,235.01
AD_2026.09.23-BW10.3.oir,ok,2,1,1,0.1036,26.1,118,19,140.47
AD_2026.09.23-BW11.1.oir,ok,2,1,1,0.1036,26.1,163,39,358.31
AD_2026.09.23-BW11.2.oir,ok,2,1,1,0.1036,26.1,78,28,251.24
AD_2026.09.23-BW11.2_0001.oir,ok,2,1,1,0.1036,26.1,92,28,225.00
AD_2026.09.23-BW11.3.oir,ok,2,1,1,0.1036,26.1,99,18,187.43
AD_2026.09.23-BW12.1.oir,ok,2,1,1,0.1036,26.1,42,14,92.36
AD_2026.09.23-BW12.2.oir,ok,2,1,1,0.1036,26.1,118,17,189.20
AD_2026.09.23-BW12.3.oir,ok,2,1,1,0.1036,26.1,74,11,80.00
AD_2026.09.23-BW2.1.oir,ok,2,1,1,0.1036,26.1,352,11,186.61
AD_2026.09.23-BW2.2.oir,ok,2,1,1,0.1036,26.1,179,13,277.35
AD_2026.09.23-BW2.3.oir,ok,2,1,1,0.1036,26.1,221,8,143.05
AD_2026.09.23-BW3.1.oir,ok,2,1,1,0.1036,26.1,229,21,283.34
AD_2026.09.23-BW3.2.oir,ok,2,1,1,0.2072,13.0,278,17,244.15
AD_2026.09.23-BW3.3.oir,ok,2,1,1,0.1036,26.1,114,16,245.43
AD_2026.09.23-BW4.1.oir,ok,2,1,1,0.1036,26.1,130,16,174.50
AD_2026.09.23-BW4.2.oir,ok,2,1,1,0.2072,13.0,169,27,303.79
AD_2026.09.23-BW4.3.oir,ok,2,1,1,0.1036,26.1,308,26,267.67
AD_2026.09.23-BW5.1.oir,ok,2,1,1,0.2072,13.0,85,13,254.79
AD_2026.09.23-BW5.1_0001.oir,ok,2,1,1,0.1036,26.1,116,14,256.14
AD_2026.09.23-BW5.2.oir,ok,2,1,1,0.2072,13.0,174,29,327.48
AD_2026.09.23-BW5.2_0001.oir,ok,2,1,1,0.1036,26.1,230,30,325.37
AD_2026.09.23-BW5.3.oir,ok,2,1,1,0.1036,26.1,550,19,257.76
AD_2026.09.23-BW5.3_0001.oir,ok,2,1,1,0.1036,26.1,532,18,261.93
AD_2026.09.23-BW6.1.oir,ok,2,1,1,0.1036,26.1,667,26,269.88
AD_2026.09.23-BW6.2.oir,ok,2,1,1,0.1036,26.1,122,29,300.78
AD_2026.09.23-BW6.3.oir,ok,2,1,1,0.1036,26.1,132,28,331.90
AD_2026.09.23-BW7.1.oir,ok,2,1,1,0.1036,26.1,259,18,252.88
AD_2026.09.23-BW7.2.oir,ok,2,1,1,0.1036,26.1,415,33,284.58
AD_2026.09.23-BW7.3.oir,ok,2,1,1,0.1036,26.1,470,27,297.37
AD_2026.09.23-BW7.3_0001.oir,ok,2,1,1,0.1036,26.1,188,25,209.41
AD_2026.09.23-BW8.1.oir,ok,2,1,1,0.1036,26.1,158,13,133.42
AD_2026.09.23-BW8.2.oir,ok,2,1,1,0.1036,26.1,125,20,353.81
AD_2026.09.23-BW8.3.oir,ok,2,1,1,0.1036,26.1,298,24,357.37
AD_2026.09.23-BW9.1.oir,ok,2,1,1,0.1036,26.1,121,12,130.25
AD_2026.09.23-BW9.2.oir,ok,2,1,1,0.1036,26.1,252,11,188.34
AD_2026.09.23-BW9.3.oir,ok,2,1,1,0.1036,26.1,384,8,215.06
AD_2026.09.24_A.AV1.10.1.oir,ok,2,1,1,0.1036,26.1,57,7,87.52
AD_2026.09.24_A.AV1.10.2.oir,ok,2,1,1,0.1036,26.1,77,16,80.00
AD_2026.09.24_A.AV1.10.3.oir,ok,2,1,1,0.1036,26.1,41,7,80.00
AD_2026.09.24_A.AV1.11.2.oir,ok,2,1,1,0.1036,26.1,118,16,375.77
AD_2026.09.24_A.AV1.11.2_0001.oir,ok,2,1,1,0.1036,26.1,119,18,171.32
AD_2026.09.24_A.AV1.11.3.oir,ok,2,1,1,0.1036,26.1,172,15,96.64
AD_2026.09.24_A.AV1.12.1.oir,ok,2,1,1,0.1036,26.1,19,8,80.00
AD_2026.09.24_A.AV1.12.2.oir,ok,2,1,1,0.1036,26.1,77,10,100.13
AD_2026.09.24_A.AV1.12.3.oir,ok,2,1,1,0.1036,26.1,15,4,80.00
AD_2026.09.24_AP0.5W1.1.oir,ok,2,1,1,0.2072,13.0,44,30,239.29
AD_2026.09.24_AP0.5W1.1_0001.oir,ok,2,1,1,0.1036,26.1,45,31,254.87
AD_2026.09.24_AP0.5W1.2.oir,ok,2,1,1,0.1036,26.1,48,28,216.03
AD_2026.09.24_AP0.5W1.3.oir,ok,2,1,1,0.1036,26.1,143,31,255.29
AD_2026.09.24_AP0.5W2.1.oir,ok,2,1,1,0.1036,26.1,165,6,103.20
AD_2026.09.24_AP0.5W2.2.oir,ok,2,1,1,0.1036,26.1,603,18,208.41
AD_2026.09.24_AP0.5W2.3.oir,ok,2,1,1,0.1036,26.1,28,13,80.00
AD_2026.09.24_AP0.5W3.1.oir,ok,2,1,1,0.1036,26.1,110,33,233.43
AD_2026.09.24_AP0.5W3.2.oir,ok,2,1,1,0.1036,26.1,308,17,92.39
AD_2026.09.24_AP0.5W3.3.oir,ok,2,1,1,0.1036,26.1,85,28,253.52
AD_2026.09.24_AP0.5W4.1.oir,ok,2,1,1,0.1036,26.1,57,25,151.66
AD_2026.09.24_AP0.5W4.1_0001.oir,ok,2,1,1,0.1036,26.1,105,23,137.42
AD_2026.09.24_AP0.5W4.2.oir,ok,2,1,1,0.1036,26.1,93,12,152.14
AD_2026.09.24_AP0.5W4.2_0001.oir,ok,2,1,1,0.1036,26.1,89,13,169.02
AD_2026.09.24_AP0.5W4.2_0002.oir,ok,2,1,1,0.1036,26.1,91,25,265.61
AD_2026.09.24_AP0.5W4.3.oir,ok,2,1,1,0.1036,26.1,135,17,94.62
AD_2026.09.24_AP0.5W4.3_0001.oir,ok,2,1,1,0.1036,26.1,69,22,181.05
AD_2026.09.24_AP1W5.1.oir,ok,2,1,1,0.1036,26.1,171,33,280.81
AD_2026.09.24_AP1W5.1_0001.oir,ok,2,1,1,0.1036,26.1,176,26,308.74
AD_2026.09.24_AP1W5.2.oir,ok,2,1,1,0.1036,26.1,145,25,287.28
AD_2026.09.24_AP1W5.3.oir,ok,2,1,1,0.1036,26.1,120,22,122.31
AD_2026.09.24_AP1W6.2.oir,ok,2,1,1,0.1036,26.1,79,26,216.20
AD_2026.09.24_AP1W6.3.oir,ok,2,1,1,0.1036,26.1,84,22,200.77
AD_2026.09.24_AP1W7.1.oir,ok,2,1,1,0.1036,26.1,187,31,154.29
AD_2026.09.24_AP1W7.2.oir,ok,2,1,1,0.1036,26.1,129,27,267.95
AD_2026.09.24_AP1W7.3.oir,ok,2,1,1,0.1036,26.1,73,30,263.74
AD_2026.09.24_AP2W8.1.oir,ok,2,1,1,0.1036,26.1,261,48,341.95
AD_2026.09.24_AP2W8.1_0001.oir,ok,2,1,1,0.1036,26.1,108,33,321.97
AD_2026.09.24_AP2W8.2.oir,ok,2,1,1,0.1036,26.1,177,39,200.74
AD_2026.09.24_AP2W8.3.oir,ok,2,1,1,0.1036,26.1,135,29,287.41
AD_2026.09.24_AP2W9.1.oir,ok,2,1,1,0.1036,26.1,269,53,279.63
AD_2026.09.24_AP2W9.2.oir,ok,2,1,1,0.1036,26.1,196,32,226.35
AD_2026.09.24_AP2W9.3.oir,ok,2,1,1,0.1036,26.1,434,85,338.56
AD_2026.09.24_AP2W9.3_0001.oir,ok,2,1,1,0.1036,26.1,96,34,240.43
AD_2026.09.24_AP2W9.3Background.oir,skipped (name filter),,,,,,,,
